Batting,,R,B,M,4s,6s,SR
Rohit Sharma (c),c Klaasen b Maharaj,9,5,7,2,0,180
Virat Kohli,c Rabada b Jansen,76,59,87,6,2,128.81
Rishabh Pant †,c †de Kock b Maharaj,0,2,2,0,0,0
Suryakumar Yadav,c Klaasen b Rabada,3,4,9,0,0,75
Axar Patel,run out (†de Kock),47,31,38,1,4,151.61
Shivam Dube,c Miller b Nortje,27,16,32,3,1,168.75
Hardik Pandya,not out,5,2,7,1,0,250
Ravindra Jadeja,c Maharaj b Nortje,2,2,1,0,0,100
Reeza Hendricks,b Bumrah,4,5,6,1,0,80
Quinton de Kock †,c Kuldeep Yadav b Arshdeep Singh,39,31,54,4,1,125.8
Aiden Markram (c),c †Pant b Arshdeep Singh,4,5,4,1,0,80
Tristan Stubbs,b Patel,31,21,24,3,1,147.61
Heinrich Klaasen,c †Pant b Pandya,52,27,33,2,5,192.59
David Miller,c Yadav b Pandya,21,17,37,1,1,123.52
Marco Jansen,b Bumrah,2,4,7,0,0,50
Keshav Maharaj,not out,2,7,18,0,0,28.57
Kagiso Rabada,c Yadav b Pandya,4,3,5,1,0,133.33
Anrich Nortje,not out,1,1,1,0,0,100
Rohit Sharma (c),b Rashid,57,39,57,6,2,146.15
Virat Kohli,b Topley,9,9,10,0,1,100
Rishabh Pant †,c Bairstow b Curran,4,6,12,0,0,66.66
Suryakumar Yadav,c Jordan b Archer,47,36,40,4,2,130.55
Hardik Pandya,c Curran b Jordan,23,13,17,1,2,176.92
Ravindra Jadeja,not out,17,9,24,2,0,188.88
Shivam Dube,c †Buttler b Jordan,0,1,1,0,0,0
Axar Patel,c Salt b Jordan,10,6,10,0,1,166.66
Arshdeep Singh,not out,1,1,1,0,0,100
Phil Salt,b Bumrah,5,8,20,0,0,62.5
Jos Buttler (c)†,c †Pant b Patel,23,15,13,4,0,153.33
Moeen Ali,st †Pant b Patel,8,10,18,0,0,80
Jonny Bairstow,b Patel,0,3,2,0,0,0
Harry Brook,b Kuldeep Yadav,25,19,21,3,0,131.57
Sam Curran,lbw b Kuldeep Yadav,2,4,4,0,0,50
Liam Livingstone,run out (Kuldeep Yadav/Patel),11,16,24,0,0,68.75
Chris Jordan,lbw b Kuldeep Yadav,1,5,6,0,0,20
Jofra Archer,lbw b Bumrah,21,15,17,1,2,140
Adil Rashid,run out (Yadav),2,2,2,0,0,100
Reece Topley,not out,3,3,6,0,0,100
Rahmanullah Gurbaz †,c Hendricks b Jansen,0,3,5,0,0,0
Ibrahim Zadran,b Rabada,2,5,15,0,0,40
Gulbadin Naib,b Jansen,9,8,6,2,0,112.5
Azmatullah Omarzai,c Stubbs b Nortje,10,12,18,2,0,83.33
Mohammad Nabi,b Rabada,0,3,1,0,0,0
Nangeyalia Kharote,c †de Kock b Jansen,2,7,5,0,0,28.57
Karim Janat,lbw b Shamsi,8,13,22,1,0,61.53
Rashid Khan (c),b Nortje,8,8,20,2,0,100
Noor Ahmad,lbw b Shamsi,0,2,2,0,0,0
Naveen-ul-Haq,lbw b Shamsi,2,8,9,0,0,25
Fazalhaq Farooqi,not out,2,2,6,0,0,100
Quinton de Kock †,b Fazalhaq Farooqi,5,8,7,1,0,62.5
Reeza Hendricks,not out,29,25,44,3,1,116
Aiden Markram (c),not out,23,21,35,4,0,109.52
Rahmanullah Gurbaz †,c Soumya Sarkar b Rishad Hossain,43,55,69,3,1,78.18
Ibrahim Zadran,c Tanzim Hasan Sakib b Rishad Hossain,18,29,46,1,0,62.06
Azmatullah Omarzai,c †Litton Das b Mustafizur Rahman,10,12,20,0,0,83.33
Gulbadin Naib,c Soumya Sarkar b Rishad Hossain,4,3,4,1,0,133.33
Mohammad Nabi,c Najmul Hossain Shanto b Taskin Ahmed,1,5,6,0,0,20
Karim Janat,not out,7,6,15,1,0,116.66
Rashid Khan (c),not out,19,10,10,0,3,190
Litton Das †,not out,54,49,95,5,1,110.2
Tanzid Hasan,lbw b Fazalhaq Farooqi,0,3,12,0,0,0
Najmul Hossain Shanto (c),c Mohammad Nabi b Naveen-ul-Haq,5,5,7,1,0,100
Shakib Al Hasan,c & b Naveen-ul-Haq,0,1,1,0,0,0
Soumya Sarkar,b Rashid Khan,10,10,18,1,0,100
Towhid Hridoy,c Ibrahim Zadran b Rashid Khan,14,9,7,2,0,155.55
Mahmudullah,c sub (†Mohammad Ishaq) b Rashid Khan,6,9,8,1,0,66.66
Rishad Hossain,b Rashid Khan,0,1,1,0,0,0
Tanzim Hasan Sakib,c Mohammad Nabi b Gulbadin Naib,3,10,13,0,0,30
Taskin Ahmed,b Naveen-ul-Haq,2,9,31,0,0,22.22
Mustafizur Rahman,lbw b Naveen-ul-Haq,0,1,1,0,0,0
Rohit Sharma (c),b Starc,92,41,59,7,8,224.39
Virat Kohli,c David b Hazlewood,0,5,8,0,0,0
Rishabh Pant †,c Hazlewood b Stoinis,15,14,33,1,1,107.14
Suryakumar Yadav,c †Wade b Starc,31,16,29,3,2,193.75
Shivam Dube,c Warner b Stoinis,28,22,33,2,1,127.27
Hardik Pandya,not out,27,17,24,1,2,158.82
Ravindra Jadeja,not out,9,5,4,0,1,180
David Warner,c Yadav b Arshdeep Singh,6,6,5,1,0,100
Travis Head,c Sharma b Bumrah,76,43,76,9,4,176.74
Mitchell Marsh (c),c Patel b Kuldeep Yadav,37,28,38,3,2,132.14
Glenn Maxwell,b Kuldeep Yadav,20,12,15,2,1,166.66
Marcus Stoinis,c Pandya b Patel,2,4,4,0,0,50
Tim David,c Bumrah b Arshdeep Singh,15,11,22,1,1,136.36
Matthew Wade †,c Kuldeep Yadav b Arshdeep Singh,1,2,5,0,0,50
Pat Cummins,not out,11,7,15,0,1,157.14
Mitchell Starc,not out,4,7,9,0,0,57.14
Kyle Mayers,c Stubbs b Shamsi,35,34,53,3,2,102.94
Shai Hope,c Stubbs b Jansen,0,1,3,0,0,0
Nicholas Pooran †,c Jansen b Markram,1,3,4,0,0,33.33
Roston Chase,c Rabada b Shamsi,52,42,59,3,2,123.8
Rovman Powell (c),st †de Kock b Maharaj,1,2,2,0,0,50
Sherfane Rutherford,c Markram b Shamsi,0,4,5,0,0,0
Andre Russell,run out (Nortje),15,9,15,0,2,166.66
Akeal Hosein,c & b Rabada,6,11,12,1,0,54.54
Alzarri Joseph,not out,11,7,14,0,1,157.14
Gudakesh Motie,not out,4,7,10,1,0,57.14
Quinton de Kock †,c Rutherford b Russell,12,7,10,3,0,171.42
Reeza Hendricks,c †Pooran b Russell,0,1,5,0,0,0
Aiden Markram (c),c Mayers b Joseph,18,15,20,2,0,120
Tristan Stubbs,c Mayers b Chase,29,27,55,4,0,107.4
Heinrich Klaasen,c †Pooran b Joseph,22,10,13,3,1,220
David Miller,b Chase,4,14,18,0,0,28.57
Marco Jansen,not out,21,14,22,1,1,150
Keshav Maharaj,c Joseph b Chase,2,6,9,0,0,33.33
Kagiso Rabada,not out,5,3,5,1,0,166.66
Steven Taylor,c Ali b Curran,12,13,25,2,0,92.3
Andries Gous †,c Salt b Topley,8,5,4,0,1,160
Nitish Kumar,b Rashid,30,24,38,1,2,125
Aaron Jones (c),b Rashid,10,16,10,2,0,62.5
Corey Anderson,c Brook b Jordan,29,28,43,0,1,103.57
Milind Kumar,c †Buttler b Livingstone,4,6,13,0,0,66.66
Harmeet Singh,c Jordan b Curran,21,17,19,2,1,123.52
Shadley van Schalkwyk,not out,0,0,7,0,0,-
Ali Khan,b Jordan,0,2,1,0,0,0
Nosthush Kenjige,lbw b Jordan,0,1,1,0,0,0
Saurabh Netravalkar,b Jordan,0,1,1,0,0,0
Phil Salt,not out,25,21,44,2,0,119.04
Jos Buttler (c)†,not out,83,38,44,6,7,218.42
Rahmanullah Gurbaz †,c Warner b Stoinis,60,49,66,4,4,122.44
Ibrahim Zadran,c Marsh b Zampa,51,48,73,6,0,106.25
Azmatullah Omarzai,b Zampa,2,3,2,0,0,66.66
Karim Janat,c David b Cummins,13,9,13,0,1,144.44
Rashid Khan (c),c David b Cummins,2,5,4,0,0,40
Mohammad Nabi,not out,10,4,10,2,0,250
Gulbadin Naib,c Maxwell b Cummins,0,1,12,0,0,0
Nangeyalia Kharote,not out,1,1,2,0,0,100
Travis Head,b Naveen-ul-Haq,0,3,2,0,0,0
David Warner,c Noor Ahmad b Mohammad Nabi,3,8,27,0,0,37.5
Mitchell Marsh (c),c Mohammad Nabi b Naveen-ul-Haq,12,9,9,2,0,133.33
Glenn Maxwell,c Noor Ahmad b Gulbadin Naib,59,41,58,6,3,143.9
Marcus Stoinis,c †Rahmanullah Gurbaz b Gulbadin Naib,11,17,20,1,0,64.7
Tim David,lbw b Gulbadin Naib,2,4,9,0,0,50
Matthew Wade †,c Karim Janat b Rashid Khan,5,7,16,0,0,71.42
Pat Cummins,b Gulbadin Naib,3,9,9,0,0,33.33
Ashton Agar,c Gulbadin Naib b Naveen-ul-Haq,2,5,10,0,0,40
Adam Zampa,c Mohammad Nabi b Azmatullah Omarzai,9,7,15,1,0,128.57
Josh Hazlewood,not out,5,7,10,0,0,71.42
Rohit Sharma (c),c Jaker Ali b Shakib Al Hasan,23,11,14,3,1,209.09
Virat Kohli,b Tanzim Hasan Sakib,37,28,34,1,3,132.14
Rishabh Pant †,c Tanzim Hasan Sakib b Rishad Hossain,36,24,36,4,2,150
Suryakumar Yadav,c †Litton Das b Tanzim Hasan Sakib,6,2,2,0,1,300
Shivam Dube,b Rishad Hossain,34,24,38,0,3,141.66
Hardik Pandya,not out,50,27,38,4,3,185.18
Axar Patel,not out,3,5,13,0,0,60
Litton Das †,c Yadav b Pandya,13,10,20,1,1,130
Tanzid Hasan,lbw b Kuldeep Yadav,29,31,41,4,0,93.54
Najmul Hossain Shanto (c),c Arshdeep Singh b Bumrah,40,32,46,1,3,125
Towhid Hridoy,lbw b Kuldeep Yadav,4,6,6,0,0,66.66
Shakib Al Hasan,c Sharma b Kuldeep Yadav,11,7,7,1,1,157.14
Mahmudullah,c Patel b Arshdeep Singh,13,15,30,1,0,86.66
Jaker Ali,c Kohli b Arshdeep Singh,1,4,3,0,0,25
Rishad Hossain,c Sharma b Bumrah,24,10,9,1,3,240
Mahedi Hasan,not out,5,4,7,1,0,125
Tanzim Hasan Sakib,not out,1,1,1,0,0,100
Steven Taylor,c Chase b Russell,2,7,5,0,0,28.57
Andries Gous †,c Hope b Joseph,29,16,37,3,1,181.25
Nitish Kumar,lbw b Motie,20,19,23,2,0,105.26
Aaron Jones (c),b Chase,11,11,12,0,1,100
Corey Anderson,lbw b Chase,7,15,23,0,0,46.66
Milind Kumar,run out (Motie/Russell),19,21,35,1,0,90.47
Harmeet Singh,c Charles b Chase,0,1,1,0,0,0
Shadley van Schalkwyk,c Charles b Russell,18,17,17,3,0,105.88
Nosthush Kenjige,c †Pooran b Joseph,1,3,8,0,0,33.33
Ali Khan,not out,14,6,11,1,1,233.33
Saurabh Netravalkar,c Powell b Russell,0,4,4,0,0,0
Shai Hope,not out,82,39,-,4,8,210.25
Johnson Charles,c Milind Kumar b Harmeet Singh,15,14,-,2,0,107.14
Nicholas Pooran †,not out,27,12,-,1,3,225
Reeza Hendricks,c Brook b Ali,19,25,41,1,0,76
Quinton de Kock †,c †Buttler b Archer,65,38,50,4,4,171.05
Heinrich Klaasen,run out (†Buttler),8,13,21,1,0,61.53
David Miller,c Brook b Archer,43,28,40,4,2,153.57
Aiden Markram (c),b Rashid,1,2,4,0,0,50
Tristan Stubbs,not out,12,11,28,1,0,109.09
Marco Jansen,c Curran b Archer,0,1,1,0,0,0
Keshav Maharaj,not out,5,2,3,1,0,250
Phil Salt,c Hendricks b Rabada,11,8,8,1,1,137.5
Jos Buttler (c)†,c Klaasen b Maharaj,17,20,38,1,0,85
Jonny Bairstow,c Nortje b Maharaj,16,20,20,1,0,80
Moeen Ali,c Maharaj b Baartman,9,10,15,0,0,90
Harry Brook,c Markram b Nortje,53,37,50,7,0,143.24
Liam Livingstone,c Stubbs b Rabada,33,17,33,3,2,194.11
Sam Curran,not out,10,7,14,1,0,142.85
Jofra Archer,not out,1,2,4,0,0,50
Tanzid Hasan,b Starc,0,3,2,0,0,0
Litton Das †,b Zampa,16,25,42,2,0,64
Najmul Hossain Shanto (c),lbw b Zampa,41,36,57,5,1,113.88
Rishad Hossain,c Zampa b Maxwell,2,4,5,0,0,50
Towhid Hridoy,c Hazlewood b Cummins,40,28,40,2,2,142.85
Shakib Al Hasan,c & b Stoinis,8,10,27,0,0,80
Mahmudullah,b Cummins,2,3,7,0,0,66.66
Mahedi Hasan,c Zampa b Cummins,0,1,1,0,0,0
Taskin Ahmed,not out,13,7,9,1,0,185.71
Tanzim Hasan Sakib,not out,4,3,3,0,0,133.33
David Warner,not out,53,35,52,5,3,151.42
Travis Head,b Rishad Hossain,31,21,30,3,2,147.61
Mitchell Marsh (c),lbw b Rishad Hossain,1,6,8,0,0,16.66
Glenn Maxwell,not out,14,6,12,1,1,233.33
Rohit Sharma (c),c Rashid Khan b Fazalhaq Farooqi,8,13,13,1,0,61.53
Virat Kohli,c Mohammad Nabi b Rashid Khan,24,24,41,0,1,100
Rishabh Pant †,lbw b Rashid Khan,20,11,20,4,0,181.81
Suryakumar Yadav,c Mohammad Nabi b Fazalhaq Farooqi,53,28,51,5,3,189.28
Shivam Dube,lbw b Rashid Khan,10,7,11,0,1,142.85
Hardik Pandya,c Azmatullah Omarzai b Naveen-ul-Haq,32,24,40,3,2,133.33
Ravindra Jadeja,c Gulbadin Naib b Fazalhaq Farooqi,7,5,11,1,0,140
Axar Patel,run out (†Rahmanullah Gurbaz/Naveen-ul-Haq),12,6,11,2,0,200
Arshdeep Singh,not out,2,2,8,0,0,100
Rahmanullah Gurbaz †,c †Pant b Bumrah,11,8,7,1,1,137.5
Hazratullah Zazai,c Jadeja b Bumrah,2,4,20,0,0,50
Ibrahim Zadran,c Sharma b Patel,8,11,9,1,0,72.72
Gulbadin Naib,c †Pant b Kuldeep Yadav,17,21,25,1,1,80.95
Azmatullah Omarzai,c Patel b Jadeja,26,20,26,2,1,130
Najibullah Zadran,c Arshdeep Singh b Bumrah,19,17,22,0,2,111.76
Mohammad Nabi,c Jadeja b Kuldeep Yadav,14,14,24,0,1,100
Rashid Khan (c),c Jadeja b Arshdeep Singh,2,6,11,0,0,33.33
Noor Ahmad,c Sharma b Arshdeep Singh,12,18,19,1,1,66.66
Naveen-ul-Haq,c †Pant b Arshdeep Singh,0,1,1,0,0,0
Fazalhaq Farooqi,not out,4,1,11,1,0,400
Brandon King,retired hurt,23,13,23,3,1,176.92
Johnson Charles,c Brook b Ali,38,34,55,4,1,111.76
Nicholas Pooran †,c †Buttler b Archer,36,32,53,4,1,112.5
Rovman Powell (c),c Wood b Livingstone,36,17,18,0,5,211.76
Andre Russell,c Salt b Rashid,1,2,7,0,0,50
Sherfane Rutherford,not out,28,15,20,1,2,186.66
Romario Shepherd,not out,5,7,16,1,0,71.42
Phil Salt,not out,87,47,79,7,5,185.1
Jos Buttler (c)†,lbw b Chase,25,22,34,2,0,113.63
Moeen Ali,c Charles b Russell,13,10,9,2,0,130
Jonny Bairstow,not out,48,26,32,5,2,184.61
Quinton de Kock †,c Shayan Jahangir b Harmeet Singh,74,40,54,7,5,185
Reeza Hendricks,c Anderson b Netravalkar,11,11,12,0,1,100
Aiden Markram (c),c Ali Khan b Netravalkar,46,32,52,4,1,143.75
David Miller,c & b Harmeet Singh,0,1,1,0,0,0
Heinrich Klaasen,not out,36,22,35,0,3,163.63
Tristan Stubbs,not out,20,16,24,2,0,125
Steven Taylor,c Klaasen b Rabada,24,14,16,4,1,171.42
Andries Gous †,not out,80,47,88,5,5,170.21
Nitish Kumar,c Stubbs b Rabada,8,6,9,0,1,133.33
Aaron Jones (c),c †de Kock b Maharaj,0,5,4,0,0,0
Corey Anderson,b Nortje,12,12,10,0,1,100
Shayan Jahangir,lbw b Shamsi,3,9,51,0,0,33.33
Harmeet Singh,c Stubbs b Rabada,38,22,30,2,3,172.72
Jasdeep Singh,not out,2,6,7,0,0,33.33
Brandon King,b Azmatullah Omarzai,7,6,9,1,0,116.66
Johnson Charles,c Gulbadin Naib b Naveen-ul-Haq,43,27,43,8,0,159.25
Nicholas Pooran †,run out (Azmatullah Omarzai),98,53,86,6,8,184.9
Shai Hope,c Najibullah Zadran b Gulbadin Naib,25,17,14,0,2,147.05
Rovman Powell (c),c sub (Nangeyalia Kharote) b Gulbadin Naib,26,15,28,1,2,173.33
Andre Russell,not out,3,3,9,0,0,100
Sherfane Rutherford,not out,1,1,1,0,0,100
Rahmanullah Gurbaz †,c Russell b Hosein,0,3,1,0,0,0
Ibrahim Zadran,c Charles b McCoy,38,28,34,5,1,135.71
Gulbadin Naib,lbw b Motie,7,10,26,1,0,70
Azmatullah Omarzai,c Powell b Hosein,23,19,26,1,1,121.05
Najibullah Zadran,c Charles b McCoy,0,2,1,0,0,0
Mohammad Nabi,b McCoy,1,4,4,0,0,25
Karim Janat,run out (King/Hosein),14,9,14,0,1,155.55
Rashid Khan (c),c Powell b Russell,18,11,18,2,1,163.63
Noor Ahmad,c Rutherford b Motie,2,4,6,0,0,50
Naveen-ul-Haq,c †Pooran b Joseph,4,6,5,1,0,66.66
Fazalhaq Farooqi,not out,0,2,3,0,0,0
Tony Ura,c Phillips b Southee,1,2,6,0,0,50
Assad Vala (c),c Mitchell b Ferguson,6,16,19,1,0,37.5
Charles Amini,lbw b Ferguson,17,25,40,2,0,68
Sese Bau,c Allen b Santner,12,27,32,1,0,44.44
Hiri Hiri,b Boult,7,11,16,1,0,63.63
Chad Soper,b Ferguson,1,6,4,0,0,16.66
Kiplin Doriga †,b Southee,5,7,14,1,0,71.42
Norman Vanua,c Mitchell b Boult,14,13,15,1,1,107.69
Alei Nao,c Mitchell b Sodhi,3,7,14,0,0,42.85
Kabua Morea,st †Conway b Sodhi,0,3,3,0,0,0
Semo Kamea,not out,1,1,1,0,0,100
Finn Allen,c †Doriga b Morea,0,2,3,0,0,0
Devon Conway †,lbw b Kamea,35,32,45,2,3,109.37
Rachin Ravindra,c Kamea b Morea,6,11,15,0,0,54.54
Kane Williamson (c),not out,18,17,38,2,0,105.88
Daryl Mitchell,not out,19,12,13,3,0,158.33
Pathum Nissanka,c Engelbrecht b Kingma,0,2,2,0,0,0
Kusal Mendis †,c Engelbrecht b Dutt,46,29,49,5,0,158.62
Kamindu Mendis,c van Beek b van Meekeren,17,20,24,1,1,85
Dhananjaya de Silva,c de Leede b Pringle,34,26,38,3,1,130.76
Charith Asalanka,c de Leede b van Beek,46,21,31,1,5,219.04
Angelo Mathews,not out,30,15,27,1,2,200
Dasun Shanaka,c †Edwards b van Beek,0,1,1,0,0,0
Wanindu Hasaranga (c),not out,20,6,10,1,2,333.33
Michael Levitt,st †BKG Mendis b Theekshana,31,23,25,2,3,134.78
Max O'Dowd,c PHKD Mendis b Thushara,11,8,20,0,1,137.5
Vikramjit Singh,c PHKD Mendis b Shanaka,7,10,12,0,0,70
Sybrand Engelbrecht,c Asalanka b Pathirana,11,9,12,0,1,122.22
Scott Edwards (c)†,c Theekshana b Thushara,31,24,40,2,1,129.16
Bas de Leede,c Asalanka b Hasaranga,3,5,4,0,0,60
Logan van Beek,run out (†BKG Mendis),0,1,1,0,0,0
Tim Pringle,st †BKG Mendis b Hasaranga,2,4,7,0,0,50
Aryan Dutt,b Pathirana,10,8,11,1,0,125
Paul van Meekeren,lbw b Thushara,3,8,11,0,0,37.5
Vivian Kingma,not out,1,1,2,0,0,100
Tanzid Hasan,c & b Sompal Kami,0,1,-,0,0,0
Litton Das †,c †Aasif Sheikh b Sompal Kami,10,12,-,1,0,83.33
Najmul Hossain Shanto (c),b Airee,4,5,-,0,0,80
Shakib Al Hasan,lbw b Paudel,17,22,-,2,0,77.27
Towhid Hridoy,c Lamichhane b Paudel,9,7,-,2,0,128.57
Mahmudullah,run out (Gulsan Jha/Lamichhane),13,13,-,2,0,100
Jaker Ali,b Lamichhane,12,26,-,0,0,46.15
Tanzim Hasan Sakib,b Lamichhane,3,5,-,0,0,60
Rishad Hossain,c Sah b Airee,13,7,-,1,1,185.71
Taskin Ahmed,not out,12,15,-,2,0,80
Mustafizur Rahman,run out (Paudel/Airee),3,4,-,0,0,75
Kushal Bhurtel,b Tanzim Hasan Sakib,4,8,11,1,0,50
Aasif Sheikh †,c Shakib Al Hasan b Mustafizur Rahman,17,14,29,4,0,121.42
Anil Sah,c Najmul Hossain Shanto b Tanzim Hasan Sakib,0,2,2,0,0,0
Rohit Paudel (c),c Rishad Hossain b Tanzim Hasan Sakib,1,6,8,0,0,16.66
Sundeep Jora,c Rishad Hossain b Tanzim Hasan Sakib,1,8,13,0,0,12.5
Kushal Malla,c Najmul Hossain Shanto b Mustafizur Rahman,27,40,48,1,1,67.5
Dipendra Singh Airee,c †Litton Das b Mustafizur Rahman,25,31,52,2,1,80.64
Gulsan Jha,c Towhid Hridoy b Taskin Ahmed,0,4,5,0,0,0
Sompal Kami,st †Litton Das b Shakib Al Hasan,0,2,6,0,0,0
Sandeep Lamichhane,not out,0,0,3,0,0,-
Abinash Bohara,lbw b Shakib Al Hasan,0,1,1,0,0,0
Andy Balbirnie,b Shaheen Shah Afridi,0,3,2,0,0,0
Paul Stirling (c),c †Mohammad Rizwan b Mohammad Amir,1,2,11,0,0,50
Lorcan Tucker †,c †Mohammad Rizwan b Shaheen Shah Afridi,2,2,1,0,0,100
Harry Tector,lbw b Shaheen Shah Afridi,0,6,15,0,0,0
Curtis Campher,c Saim Ayub b Haris Rauf,7,14,26,1,0,50
George Dockrell,c & b Mohammad Amir,11,10,11,2,0,110
Gareth Delany,c Shadab Khan b Imad Wasim,31,19,30,1,3,163.15
Mark Adair,c Shaheen Shah Afridi b Imad Wasim,15,19,34,2,0,78.94
Barry McCarthy,b Imad Wasim,2,7,12,0,0,28.57
Josh Little,not out,22,18,26,2,1,122.22
Ben White,not out,5,20,24,0,0,25
Mohammad Rizwan †,c Adair b McCarthy,17,16,30,2,0,106.25
Saim Ayub,c †Tucker b Adair,17,17,19,2,1,100
Babar Azam (c),not out,32,34,79,2,0,94.11
Fakhar Zaman,c sub (GR Adair) b Campher,5,9,15,0,0,55.55
Usman Khan,c Tector b McCarthy,2,3,4,0,0,66.66
Shadab Khan,c †Tucker b McCarthy,0,2,3,0,0,0
Imad Wasim,c Tector b Campher,4,6,5,1,0,66.66
Abbas Afridi,c sub (GR Adair) b White,17,21,32,1,1,80.95
Shaheen Shah Afridi,not out,13,5,23,0,2,260
George Munsey,c Ellis b Maxwell,35,23,40,2,3,152.17
Michael Jones,b Agar,2,3,2,0,0,66.66
Brandon McMullen,c Starc b Zampa,60,34,44,2,6,176.47
Richie Berrington (c),not out,42,31,48,1,2,135.48
Matthew Cross †,c Agar b Maxwell,18,11,13,1,1,163.63
Michael Leask,c Starc b Ellis,5,8,9,0,0,62.5
Chris Greaves,not out,9,10,15,0,0,90
Travis Head,c Jones b Sharif,68,49,68,5,4,138.77
David Warner,c Berrington b Wheal,1,4,4,0,0,25
Mitchell Marsh (c),c sub (C Tear) b Sharif,8,9,17,1,0,88.88
Glenn Maxwell,b Watt,11,8,13,0,1,137.5
Marcus Stoinis,b Watt,59,29,35,9,2,203.44
Tim David,not out,24,14,19,2,1,171.42
Matthew Wade †,not out,4,5,13,0,0,80
Phil Salt,c †Green b Wiese,11,8,11,2,0,137.5
Jos Buttler (c)†,b Trumpelmann,0,4,6,0,0,0
Jonny Bairstow,c †Green b Scholtz,31,18,27,3,2,172.22
Harry Brook,not out,47,20,37,4,2,235
Moeen Ali,c Davin b Trumpelmann,16,6,10,0,2,266.66
Liam Livingstone,run out (Trumpelmann/†Green),13,4,4,0,2,325
Michael van Lingen,c Brook b Jordan,33,29,41,1,3,113.79
Nikolaas Davin,retired out,18,16,26,1,1,112.5
David Wiese,c Brook b Archer,27,12,17,2,2,225
Gerhard Erasmus (c),not out,1,3,5,0,0,33.33
JJ Smit,not out,0,1,2,0,0,0
Ronak Patel,c †Conway b Santner,2,20,36,0,0,10
Simon Ssesazi †,lbw b Boult,0,1,2,0,0,0
Robinson Obuya,b Boult,0,1,1,0,0,0
Alpesh Ramjani,lbw b Southee,0,6,15,0,0,0
Kenneth Waiswa,b Ferguson,11,18,22,2,0,61.11
Riazat Ali Shah,c †Conway b Ravindra,2,13,21,0,0,15.38
Dinesh Nakrani,c Phillips b Ravindra,4,13,24,0,0,30.76
Brian Masaba (c),not out,3,20,33,0,0,15
Fred Achelam,lbw b Southee,9,13,16,1,0,69.23
Juma Miyagi,lbw b Southee,0,1,2,0,0,0
Cosmas Kyewuta,c Mitchell b Santner,1,6,4,0,0,16.66
Finn Allen,c Achelam b Riazat Ali Shah,9,17,24,1,0,52.94
Devon Conway †,not out,22,15,31,4,0,146.66
Rachin Ravindra,not out,1,1,6,0,0,100
Reeza Hendricks,c & b Airee,43,49,64,5,1,87.75
Quinton de Kock †,c & b Airee,10,11,14,1,0,90.9
Aiden Markram (c),b Bhurtel,15,22,27,2,0,68.18
Heinrich Klaasen,c Karan KC b Bhurtel,3,5,6,0,0,60
David Miller,c Lamichhane b Airee,7,10,18,0,0,70
Tristan Stubbs,not out,27,18,18,2,1,150
Marco Jansen,c Sah b Bhurtel,1,4,9,0,0,25
Kagiso Rabada,st †Aasif Sheikh b Bhurtel,0,1,1,0,0,0
Kushal Bhurtel,b Shamsi,13,21,31,1,1,61.9
Aasif Sheikh †,b Shamsi,42,49,77,4,1,85.71
Rohit Paudel (c),b Shamsi,0,2,1,0,0,0
Anil Sah,c Jansen b Markram,27,24,25,3,1,112.5
Dipendra Singh Airee,c †de Kock b Shamsi,6,11,15,0,0,54.54
Kushal Malla,b Nortje,1,3,4,0,0,33.33
Gulsan Jha,run out (†de Kock/Klaasen),6,6,13,1,0,100
Sompal Kami,not out,8,4,9,0,1,200
Tony Ura,b Naveen-ul-Haq,11,18,31,1,0,61.11
Assad Vala (c),run out (Fazalhaq Farooqi/†Rahmanullah Gurbaz),3,2,9,0,0,150
Lega Siaka,c †Rahmanullah Gurbaz b Fazalhaq Farooqi,0,1,1,0,0,0
Sese Bau,c †Rahmanullah Gurbaz b Fazalhaq Farooqi,0,1,1,0,0,0
Hiri Hiri,b Naveen-ul-Haq,1,3,4,0,0,33.33
Chad Soper,run out (Noor Ahmad/Rashid Khan),9,26,27,0,0,34.61
Kiplin Doriga †,lbw b Noor Ahmad,27,32,46,2,0,84.37
Norman Vanua,run out (Rashid Khan),0,7,10,0,0,0
Alei Nao,c Rashid Khan b Fazalhaq Farooqi,13,19,25,2,0,68.42
John Kariko,not out,4,7,10,1,0,57.14
Semo Kamea,run out (†Rahmanullah Gurbaz),2,3,7,0,0,66.66
Rahmanullah Gurbaz †,b Nao,11,7,15,1,1,157.14
Ibrahim Zadran,b Kamea,0,7,9,0,0,0
Gulbadin Naib,not out,49,36,60,4,2,136.11
Azmatullah Omarzai,b Vanua,13,18,26,1,0,72.22
Mohammad Nabi,not out,16,23,27,1,0,69.56
Pratik Athavale †,c Salt b Archer,5,3,6,1,0,166.66
Kashyap Prajapati,c Livingstone b Wood,9,16,28,0,1,56.25
Aqib Ilyas (c),c Jacks b Archer,8,10,9,1,0,80
Zeeshan Maqsood,c & b Wood,1,5,7,0,0,20
Khalid Kail,st †Buttler b Rashid,1,3,6,0,0,33.33
Ayaan Khan,b Wood,1,5,11,0,0,20
Shoaib Khan,c †Buttler b Archer,11,23,31,1,0,47.82
Mehran Khan,c Ali b Rashid,0,2,2,0,0,0
Fayyaz Butt,b Rashid,2,7,7,0,0,28.57
Kaleemullah,b Rashid,5,5,8,1,0,100
Bilal Khan,not out,0,1,3,0,0,0
Phil Salt,b Bilal Khan,12,3,2,0,2,400
Jos Buttler (c)†,not out,24,8,17,4,1,300
Will Jacks,c Prajapati b Kaleemullah,5,7,7,1,0,71.42
Jonny Bairstow,not out,8,2,6,2,0,400
Tanzid Hasan,c de Leede b van Meekeren,35,26,45,5,1,134.61
Najmul Hossain Shanto (c),c Vikramjit Singh b Dutt,1,3,6,0,0,33.33
Litton Das †,c Engelbrecht b Dutt,1,2,12,0,0,50
Shakib Al Hasan,not out,64,46,74,9,0,139.13
Towhid Hridoy,b Pringle,9,15,13,0,0,60
Mahmudullah,c Engelbrecht b van Meekeren,25,21,22,2,2,119.04
Jaker Ali,not out,14,7,11,3,0,200
Michael Levitt,c Towhid Hridoy b Taskin Ahmed,18,16,17,2,1,112.5
Max O'Dowd,c & b Tanzim Hasan Sakib,12,16,23,3,0,75
Vikramjit Singh,st †Litton Das b Mahmudullah,26,16,22,0,3,162.5
Sybrand Engelbrecht,c Tanzim Hasan Sakib b Rishad Hossain,33,22,36,3,1,150
Scott Edwards (c)†,c Jaker Ali b Mustafizur Rahman,25,23,28,3,0,108.69
Bas de Leede,st †Litton Das b Rishad Hossain,0,2,1,0,0,0
Logan van Beek,c & b Rishad Hossain,2,3,10,0,0,66.66
Tim Pringle,b Taskin Ahmed,1,10,16,0,0,10
Aryan Dutt,not out,15,12,11,1,1,125
Brandon King,c †Conway b Neesham,9,12,36,0,1,75
Johnson Charles,b Boult,0,5,3,0,0,0
Nicholas Pooran †,c †Conway b Southee,17,12,12,3,0,141.66
Roston Chase,c Ravindra b Ferguson,0,3,3,0,0,0
Rovman Powell (c),c †Conway b Southee,1,5,5,0,0,20
Sherfane Rutherford,not out,68,39,72,2,6,174.35
Akeal Hosein,c Neesham b Santner,15,17,17,0,1,88.23
Andre Russell,c Ferguson b Boult,14,7,8,2,1,200
Romario Shepherd,lbw b Ferguson,13,13,19,0,1,100
Alzarri Joseph,b Boult,6,6,6,1,0,100
Gudakesh Motie,not out,0,1,11,0,0,0
Devon Conway †,c Chase b Hosein,5,8,13,0,0,62.5
Finn Allen,c Russell b Joseph,26,23,25,3,1,113.04
Rachin Ravindra,c Russell b Motie,10,13,27,0,0,76.92
Kane Williamson (c),c †Pooran b Motie,1,2,4,0,0,50
Daryl Mitchell,b Motie,12,13,18,1,0,92.3
Glenn Phillips,c Powell b Joseph,40,33,40,3,2,121.21
James Neesham,c King b Joseph,10,11,18,0,1,90.9
Mitchell Santner,not out,21,12,24,0,3,175
Tim Southee,c & b Joseph,0,1,1,0,0,0
Trent Boult,c Chase b Russell,7,4,5,0,1,175
Lockie Ferguson,not out,0,0,3,0,0,-
Shayan Jahangir,lbw b Arshdeep Singh,0,1,1,0,0,0
Steven Taylor,b Patel,24,30,57,0,2,80
Andries Gous †,c Pandya b Arshdeep Singh,2,5,4,0,0,40
Aaron Jones (c),c Mohammed Siraj b Pandya,11,22,29,0,1,50
Nitish Kumar,c Mohammed Siraj b Arshdeep Singh,27,23,33,2,1,117.39
Corey Anderson,c †Pant b Pandya,15,12,25,1,1,125
Harmeet Singh,c †Pant b Arshdeep Singh,10,10,16,0,1,100
Shadley van Schalkwyk,not out,11,10,15,1,0,110
Jasdeep Singh,run out (†Pant/Mohammed Siraj),2,7,11,0,0,28.57
Rohit Sharma (c),c Harmeet Singh b Netravalkar,3,6,12,0,0,50
Virat Kohli,c †Gous b Netravalkar,0,1,1,0,0,0
Rishabh Pant †,b Ali Khan,18,20,38,1,1,90
Suryakumar Yadav,not out,50,49,80,2,2,102.04
Shivam Dube,not out,31,35,51,1,1,88.57
Michael van Lingen,c Maxwell b Hazlewood,10,10,20,2,0,100
Nikolaas Davin,c Maxwell b Hazlewood,2,7,12,0,0,28.57
Jan Frylinck,c Marsh b Cummins,1,6,4,0,0,16.66
Gerhard Erasmus (c),c Maxwell b Stoinis,36,43,64,4,1,83.72
JJ Smit,lbw b Ellis,3,9,15,0,0,33.33
Zane Green †,lbw b Zampa,1,4,6,0,0,25
David Wiese,c Hazlewood b Zampa,1,7,7,0,0,14.28
Ruben Trumpelmann,c Maxwell b Zampa,7,7,8,0,1,100
Bernard Scholtz,b Zampa,0,2,1,0,0,0
Jack Brassell,not out,2,3,22,0,0,66.66
Ben Shikongo,c David b Stoinis,0,4,3,0,0,0
David Warner,c Trumpelmann b Wiese,20,8,7,3,1,250
Travis Head,not out,34,17,24,5,2,200
Mitchell Marsh (c),not out,18,9,16,3,1,200
Aaron Johnson,b Naseem Shah,52,44,64,4,4,118.18
Navneet Dhaliwal,b Mohammad Amir,4,7,13,1,0,57.14
Pargat Singh,c Fakhar Zaman b Shaheen Shah Afridi,2,6,9,0,0,33.33
Nicholas Kirton,run out (Imad Wasim),1,6,10,0,0,16.66
Shreyas Movva †,c †Mohammad Rizwan b Haris Rauf,2,9,11,0,0,22.22
Ravinderpal Singh,c Fakhar Zaman b Haris Rauf,0,2,1,0,0,0
Saad Bin Zafar (c),c †Mohammad Rizwan b Mohammad Amir,10,21,29,1,0,47.61
Kaleem Sana,not out,13,14,27,0,1,92.85
Dilon Heyliger,not out,9,11,12,1,0,81.81
Mohammad Rizwan †,not out,53,53,83,2,1,100
Saim Ayub,c †Movva b Heyliger,6,12,22,0,0,50
Babar Azam (c),c †Movva b Heyliger,33,33,43,1,1,100
Fakhar Zaman,c sub (DS Bajwa) b Gordon,4,6,15,0,0,66.66
Usman Khan,not out,2,1,1,0,0,200
Quinton de Kock †,b Tanzim Hasan Sakib,18,11,13,1,2,163.63
Reeza Hendricks,lbw b Tanzim Hasan Sakib,0,1,4,0,0,0
Aiden Markram (c),b Taskin Ahmed,4,8,14,1,0,50
Tristan Stubbs,c Shakib Al Hasan b Tanzim Hasan Sakib,0,5,9,0,0,0
Heinrich Klaasen,b Taskin Ahmed,46,44,60,2,3,104.54
David Miller,b Rishad Hossain,29,38,62,1,1,76.31
Marco Jansen,not out,5,5,13,0,0,100
Keshav Maharaj,not out,4,8,7,0,0,50
Tanzid Hasan,c †de Kock b Rabada,9,9,8,2,0,100
Najmul Hossain Shanto (c),c Markram b Nortje,14,23,44,0,1,60.86
Litton Das †,c Miller b Maharaj,9,13,18,1,0,69.23
Shakib Al Hasan,c Markram b Nortje,3,4,6,0,0,75
Towhid Hridoy,lbw b Rabada,37,34,46,2,2,108.82
Mahmudullah,c Markram b Maharaj,20,27,54,2,0,74.07
Jaker Ali,c Markram b Maharaj,8,9,11,0,0,88.88
Rishad Hossain,not out,0,1,5,0,0,0
Taskin Ahmed,not out,1,1,1,0,0,100
Pratik Athavale †,c McMullen b Greaves,54,40,65,5,2,135
Naseem Khushi,c Watt b Sole,10,9,11,0,1,111.11
Aqib Ilyas (c),lbw b Sharif,16,6,11,2,1,266.66
Zeeshan Maqsood,c †Cross b Watt,3,4,6,0,0,75
Khalid Kail,run out (Sole/Watt),5,7,8,0,0,71.42
Ayaan Khan,not out,41,39,44,4,0,105.12
Mehran Khan,c †Cross b Sharif,13,10,10,2,0,130
Rafiullah,c Sharif b Wheal,0,3,2,0,0,0
Shakeel Ahmed,not out,3,2,5,0,0,150
George Munsey,c Shakeel Ahmed b Mehran Khan,41,20,35,2,4,205
Michael Jones,c Mehran Khan b Bilal Khan,16,13,12,1,2,123.07
Brandon McMullen,not out,61,31,42,9,2,196.77
Richie Berrington (c),b Aqib Ilyas,13,7,7,1,1,185.71
Matthew Cross †,not out,15,8,12,0,2,187.5
Rohit Sharma (c),c Haris Rauf b Shaheen Shah Afridi,13,12,15,1,1,108.33
Virat Kohli,c Usman Khan b Naseem Shah,4,3,7,1,0,133.33
Rishabh Pant †,c Babar Azam b Mohammad Amir,42,31,65,6,0,135.48
Axar Patel,b Naseem Shah,20,18,26,2,1,111.11
Suryakumar Yadav,c Mohammad Amir b Haris Rauf,7,8,16,1,0,87.5
Shivam Dube,c & b Naseem Shah,3,9,7,0,0,33.33
Hardik Pandya,c Iftikhar Ahmed b Haris Rauf,7,12,24,1,0,58.33
Ravindra Jadeja,c Imad Wasim b Mohammad Amir,0,1,1,0,0,0
Arshdeep Singh,run out (Babar Azam/†Mohammad Rizwan),9,13,26,1,0,69.23
Jasprit Bumrah,c Imad Wasim b Haris Rauf,0,1,1,0,0,0
Mohammed Siraj,not out,7,7,7,0,0,100
Mohammad Rizwan †,b Bumrah,31,44,67,1,1,70.45
Babar Azam (c),c Yadav b Bumrah,13,10,23,2,0,130
Usman Khan,lbw b Patel,13,15,23,1,0,86.66
Fakhar Zaman,c †Pant b Pandya,13,8,8,1,1,162.5
Imad Wasim,c †Pant b Arshdeep Singh,15,23,40,1,0,65.21
Shadab Khan,c †Pant b Pandya,4,7,10,0,0,57.14
Iftikhar Ahmed,c Arshdeep Singh b Bumrah,5,9,14,0,0,55.55
Shaheen Shah Afridi,not out,0,1,4,0,0,0
Naseem Shah,not out,10,4,3,2,0,250
Brandon King,b Ramjani,13,8,20,2,0,162.5
Johnson Charles,c Ramjani b Nakrani,44,42,53,4,2,104.76
Nicholas Pooran †,c & b Masaba,22,17,17,0,3,129.41
Rovman Powell (c),c Obuya b Masaba,23,18,26,1,1,127.77
Sherfane Rutherford,b Kyewuta,22,16,23,2,1,137.5
Andre Russell,not out,30,17,23,6,0,176.47
Romario Shepherd,not out,5,5,13,0,0,100
Roger Mukasa,lbw b Hosein,0,2,1,0,0,0
Simon Ssesazi †,c Joseph b Shepherd,4,3,6,1,0,133.33
Robinson Obuya,b Russell,6,8,12,1,0,75
Alpesh Ramjani,lbw b Hosein,5,6,5,1,0,83.33
Kenneth Waiswa,lbw b Hosein,1,10,20,0,0,10
Riazat Ali Shah,b Hosein,3,8,5,0,0,37.5
Dinesh Nakrani,b Hosein,0,2,7,0,0,0
Brian Masaba (c),c †Pooran b Joseph,1,4,8,0,0,25
Juma Miyagi,not out,13,20,20,0,0,65
Cosmas Kyewuta,lbw b Motie,1,6,10,0,0,16.66
Frank Nsubuga,b Joseph,0,3,4,0,0,0
Travis Head,b Archer,34,18,25,2,3,188.88
David Warner,b Ali,39,16,22,2,4,243.75
Mitchell Marsh (c),st †Buttler b Livingstone,35,25,43,2,2,140
Glenn Maxwell,c Salt b Rashid,28,25,44,3,1,112
Marcus Stoinis,c Brook b Jordan,30,17,30,2,2,176.47
Tim David,c Livingstone b Jordan,11,8,10,0,1,137.5
Matthew Wade †,not out,17,10,21,3,0,170
Pat Cummins,run out (†Buttler/Jordan),0,1,1,0,0,0
Mitchell Starc,not out,0,0,3,0,0,-
Phil Salt,b Zampa,37,23,36,4,2,160.86
Jos Buttler (c)†,c Cummins b Zampa,42,28,47,5,2,150
Will Jacks,c Starc b Stoinis,10,10,15,1,0,100
Jonny Bairstow,c Maxwell b Hazlewood,7,13,17,0,0,53.84
Moeen Ali,c Warner b Cummins,25,15,21,0,3,166.66
Harry Brook,not out,20,16,28,2,0,125
Liam Livingstone,c Starc b Cummins,15,12,13,0,1,125
Chris Jordan,not out,1,3,5,0,0,33.33
Michael Levitt,c †de Kock b Jansen,0,3,4,0,0,0
Max O'Dowd,c Jansen b Baartman,2,6,19,0,0,33.33
Vikramjit Singh,b Jansen,12,17,19,1,0,70.58
Sybrand Engelbrecht,c Jansen b Baartman,40,45,63,2,1,88.88
Bas de Leede,c Miller b Nortje,6,16,17,0,0,37.5
Scott Edwards (c)†,run out (Markram),10,9,8,0,1,111.11
Teja Nidamanuru,c Klaasen b Nortje,0,1,2,0,0,0
Logan van Beek,c Nortje b Baartman,23,22,34,3,0,104.54
Tim Pringle,c Markram b Baartman,0,2,1,0,0,0
Paul van Meekeren,not out,1,1,2,0,0,100
Reeza Hendricks,b van Beek,3,10,8,0,0,30
Quinton de Kock †,run out (van Meekeren/O'Dowd),0,0,1,0,0,-
Aiden Markram (c),c †Edwards b Kingma,0,3,13,0,0,0
Tristan Stubbs,c van Beek b de Leede,33,37,70,1,1,89.18
Heinrich Klaasen,c Pringle b Kingma,4,7,8,0,0,57.14
David Miller,not out,59,51,67,3,4,115.68
Marco Jansen,b van Beek,3,5,8,0,0,60
Keshav Maharaj,not out,0,1,4,0,0,0
Pathum Nissanka,c Najmul Hossain Shanto b Mustafizur Rahman,47,28,40,7,1,167.85
Kusal Mendis †,b Taskin Ahmed,10,8,11,2,0,125
Kamindu Mendis,c Tanzim Hasan Sakib b Mustafizur Rahman,4,5,11,1,0,80
Dhananjaya de Silva,st †Litton Das b Rishad Hossain,21,26,51,1,0,80.76
Charith Asalanka,c Shakib Al Hasan b Rishad Hossain,19,21,23,0,1,90.47
Wanindu Hasaranga (c),c Soumya Sarkar b Rishad Hossain,0,1,1,0,0,0
Angelo Mathews,c Mustafizur Rahman b Tanzim Hasan Sakib,16,19,27,1,0,84.21
Dasun Shanaka,c †Litton Das b Taskin Ahmed,3,7,8,0,0,42.85
Maheesh Theekshana,c Tanzim Hasan Sakib b Mustafizur Rahman,0,3,4,0,0,0
Matheesha Pathirana,not out,0,1,7,0,0,0
Nuwan Thushara,not out,0,1,1,0,0,0
Tanzid Hasan,b Thushara,3,6,8,0,0,50
Soumya Sarkar,c Hasaranga b de Silva,0,2,2,0,0,0
Litton Das †,lbw b Hasaranga,36,38,63,2,1,94.73
Najmul Hossain Shanto (c),c Asalanka b Thushara,7,13,16,0,0,53.84
Towhid Hridoy,lbw b Hasaranga,40,20,28,1,4,200
Shakib Al Hasan,c Theekshana b Pathirana,8,14,19,0,0,57.14
Mahmudullah,not out,16,13,29,0,1,123.07
Rishad Hossain,b Thushara,1,3,6,0,0,33.33
Taskin Ahmed,lbw b Thushara,0,1,1,0,0,0
Tanzim Hasan Sakib,not out,1,4,10,0,0,25
Rahmanullah Gurbaz †,b Boult,80,56,92,5,5,142.85
Ibrahim Zadran,b Henry,44,41,66,3,2,107.31
Azmatullah Omarzai,c Ferguson b Henry,22,13,9,1,2,169.23
Mohammad Nabi,c Williamson b Ferguson,0,1,3,0,0,0
Rashid Khan (c),run out (†Conway/Boult),6,5,8,1,0,120
Karim Janat,not out,1,1,6,0,0,100
Gulbadin Naib,c Phillips b Boult,0,2,3,0,0,0
Najibullah Zadran,not out,1,1,1,0,0,100
Finn Allen,b Fazalhaq Farooqi,0,1,1,0,0,0
Devon Conway †,c Ibrahim Zadran b Fazalhaq Farooqi,8,10,16,1,0,80
Kane Williamson (c),c Gulbadin Naib b Rashid Khan,9,13,38,1,0,69.23
Daryl Mitchell,c †Rahmanullah Gurbaz b Fazalhaq Farooqi,5,5,10,1,0,100
Glenn Phillips,c Rashid Khan b Mohammad Nabi,18,18,28,2,0,100
Mark Chapman,b Rashid Khan,4,7,8,0,0,57.14
Michael Bracewell,lbw b Rashid Khan,0,1,2,0,0,0
Mitchell Santner,b Mohammad Nabi,4,8,12,0,0,50
Matt Henry,c Karim Janat b Fazalhaq Farooqi,12,17,21,0,1,70.58
Lockie Ferguson,c & b Rashid Khan,2,5,3,0,0,40
Trent Boult,not out,3,7,10,0,0,42.85
Aaron Johnson,c Campher b Young,14,13,23,3,0,107.69
Navneet Dhaliwal,c Dockrell b Adair,6,10,10,1,0,60
Pargat Singh,c Little b Young,18,14,21,2,0,128.57
Dilpreet Bajwa,c & b Delany,7,9,15,1,0,77.77
Nicholas Kirton,c Balbirnie b McCarthy,49,35,56,3,2,140
Shreyas Movva †,run out (McCarthy/†Tucker),37,36,56,3,0,102.77
Dilon Heyliger,c Little b McCarthy,0,2,1,0,0,0
Saad Bin Zafar (c),not out,1,1,4,0,0,100
Andy Balbirnie,c & b Junaid Siddiqui,17,19,29,1,0,89.47
Paul Stirling (c),c †Movva b Gordon,9,17,25,1,0,52.94
Lorcan Tucker †,run out (Kirton/Saad Bin Zafar),10,15,21,0,0,66.66
Harry Tector,b Saad Bin Zafar,7,5,6,0,0,140
Curtis Campher,c Johnson b Heyliger,4,7,16,0,0,57.14
George Dockrell,not out,30,23,47,2,1,130.43
Gareth Delany,c †Movva b Heyliger,3,7,5,0,0,42.85
Mark Adair,c & b Gordon,34,24,33,3,1,141.66
Barry McCarthy,not out,2,3,2,0,0,66.66
JP Kotze,c McMullen b Wheal,0,3,2,0,0,0
Nikolaas Davin,c Currie b Sole,20,12,24,4,0,166.66
Jan Frylinck,b Currie,12,14,13,2,0,85.71
Gerhard Erasmus (c),st †Cross b Leask,52,31,44,5,2,167.74
Malan Kruger,c Jones b Greaves,2,8,13,0,0,25
Zane Green †,c Jones b Wheal,28,27,39,1,1,103.7
David Wiese,c Watt b Wheal,14,13,14,0,1,107.69
Ruben Trumpelmann,c Wheal b Currie,1,2,5,0,0,50
JJ Smit,run out (Jones/Wheal),11,8,9,0,1,137.5
Bernard Scholtz,not out,6,4,9,0,0,150
Tangeni Lungameni,not out,0,0,3,0,0,-
George Munsey,c Wiese b Lungameni,7,15,21,0,0,46.66
Michael Jones,c †Green b Erasmus,26,20,38,3,1,130
Brandon McMullen,st †Green b Erasmus,19,17,25,2,0,111.76
Richie Berrington (c),not out,47,35,48,2,2,134.28
Matthew Cross †,lbw b Scholtz,3,5,4,0,0,60
Michael Leask,c Wiese b Trumpelmann,35,17,29,0,4,205.88
Chris Greaves,not out,4,3,4,0,0,133.33
Mohammad Rizwan,c Taylor b Netravalkar,9,8,5,0,1,112.5
Babar Azam (c),lbw b Jasdeep Singh,44,43,76,3,2,102.32
Usman Khan,c Kumar b Kenjige,3,3,5,0,0,100
Fakhar Zaman,c Taylor b Ali Khan,11,7,11,0,1,157.14
Shadab Khan,c Netravalkar b Kenjige,40,25,35,1,3,160
Azam Khan †,lbw b Kenjige,0,1,2,0,0,0
Iftikhar Ahmed,lbw b Netravalkar,18,14,27,3,0,128.57
Shaheen Shah Afridi,not out,23,16,25,1,2,143.75
Haris Rauf,not out,3,3,11,0,0,100
Steven Taylor,c Mohammad Rizwan b Naseem Shah,12,16,-,1,0,75
Monank Patel (c)†,c Mohammad Rizwan b Mohammad Amir,50,38,-,7,1,131.57
Andries Gous,b Haris Rauf,35,26,-,5,1,134.61
Aaron Jones,not out,36,26,-,2,2,138.46
Nitish Kumar,not out,14,14,-,1,0,100
David Warner,c Shoaib Khan b Kaleemullah,56,51,91,6,1,109.8
Travis Head,c Khalid Kail b Bilal Khan,12,10,13,2,0,120
Mitchell Marsh (c),c Shoaib Khan b Mehran Khan,14,21,25,2,0,66.66
Glenn Maxwell,c Aqib Ilyas b Mehran Khan,0,1,1,0,0,0
Marcus Stoinis,not out,67,36,55,2,6,186.11
Tim David,run out (Ayaan Khan/†Athavale),9,4,5,2,0,225
Kashyap Prajapati,lbw b Ellis,7,16,27,1,0,43.75
Pratik Athavale †,lbw b Starc,0,1,3,0,0,0
Aqib Ilyas (c),c †Wade b Stoinis,18,18,29,2,1,100
Zeeshan Maqsood,c †Wade b Stoinis,1,7,12,0,0,14.28
Khalid Kail,c Maxwell b Starc,8,12,24,1,0,66.66
Ayaan Khan,c Hazlewood b Zampa,36,30,42,2,2,120
Shoaib Khan,b Zampa,0,4,7,0,0,0
Mehran Khan,c David b Stoinis,27,16,34,1,2,168.75
Shakeel Ahmed,c Warner b Ellis,11,10,21,1,0,110
Kaleemullah,not out,6,4,6,0,0,150
Bilal Khan,not out,1,2,2,0,0,50
Assad Vala (c),lbw b Ramjani,0,2,2,0,0,0
Tony Ura,c Mukasa b Kyewuta,2,6,21,0,0,33.33
Sese Bau,c Mukasa b Miyagi,5,9,11,1,0,55.55
Lega Siaka,run out (Kyewuta/†Ssesazi),12,17,19,1,0,70.58
Hiri Hiri,lbw b Nsubuga,15,19,32,2,0,78.94
Charles Amini,b Nsubuga,5,14,10,0,0,35.71
Kiplin Doriga †,lbw b Ramjani,12,20,18,0,1,60
Chad Soper,b Masaba,4,11,15,0,0,36.36
Norman Vanua,c †Ssesazi b Kyewuta,5,10,17,0,0,50
Alei Nao,b Miyagi,5,6,10,0,0,83.33
John Kariko,not out,0,2,2,0,0,0
Roger Mukasa,lbw b Nao,0,3,2,0,0,0
Simon Ssesazi †,lbw b Nao,1,3,13,0,0,33.33
Robinson Obuya,c Vala b Vanua,1,2,4,0,0,50
Riazat Ali Shah,c Kariko b Vanua,33,56,68,1,0,58.92
Alpesh Ramjani,b Soper,8,10,15,1,0,80
Dinesh Nakrani,c & b Vala,0,3,2,0,0,0
Juma Miyagi,run out (Vanua/Nao),13,16,25,0,0,81.25
Kenneth Waiswa,not out,7,16,19,0,0,43.75
Brian Masaba (c),not out,0,1,3,0,0,0
Andy Balbirnie,b Arshdeep Singh,5,10,-,1,0,50
Paul Stirling (c),c †Pant b Arshdeep Singh,2,6,-,0,0,33.33
Lorcan Tucker †,b Pandya,10,13,-,2,0,76.92
Harry Tector,c Kohli b Bumrah,4,16,-,0,0,25
Curtis Campher,c †Pant b Pandya,12,8,-,1,1,150
George Dockrell,c Bumrah b Mohammed Siraj,3,5,-,0,0,60
Gareth Delany,run out (Mohammed Siraj/†Pant),26,14,-,2,2,185.71
Mark Adair,c Dube b Pandya,3,2,-,0,0,150
Barry McCarthy,c & b Patel,0,6,-,0,0,0
Josh Little,b Bumrah,14,13,-,2,0,107.69
Ben White,not out,2,4,-,0,0,50
Rohit Sharma (c),retired hurt,52,37,48,4,3,140.54
Virat Kohli,c White b Adair,1,5,13,0,0,20
Rishabh Pant †,not out,36,26,46,3,2,138.46
Suryakumar Yadav,c Dockrell b White,2,4,9,0,0,50
Shivam Dube,not out,0,2,3,0,0,0
Kushal Bhurtel,lbw b van Beek,7,10,14,1,0,70
Aasif Sheikh †,c Kingma b Pringle,4,8,8,1,0,50
Anil Sah,c van Beek b Pringle,11,12,29,2,0,91.66
Rohit Paudel (c),c O'Dowd b Pringle,35,37,59,5,0,94.59
Kushal Malla,c O'Dowd b van Meekeren,9,9,8,1,0,100
Dipendra Singh Airee,c van Beek b de Leede,1,6,4,0,0,16.66
Sompal Kami,b van Meekeren,0,5,10,0,0,0
Gulsan Jha,b van Beek,14,15,28,0,1,93.33
Karan KC,c Kingma b de Leede,17,12,13,0,2,141.66
Sagar Dhakal,not out,0,1,3,0,0,0
Abinash Bohara,c & b van Beek,0,1,1,0,0,0
Michael Levitt,c Airee b Sompal Kami,1,3,6,0,0,33.33
Max O'Dowd,not out,54,48,86,4,1,112.5
Vikramjit Singh,lbw b Airee,22,28,32,4,0,78.57
Sybrand Engelbrecht,run out (Sompal Kami),14,16,18,1,0,87.5
Scott Edwards (c)†,b Bohara,5,8,11,0,0,62.5
Bas de Leede,not out,11,10,13,1,0,110
George Munsey,not out,41,31,46,4,2,132.25
Michael Jones,not out,45,30,46,4,2,150
Rahmanullah Gurbaz †,c Riazat Ali Shah b Ramjani,76,45,70,4,4,168.88
Ibrahim Zadran,b Masaba,70,46,66,9,1,152.17
Najibullah Zadran,c Nakrani b Masaba,2,3,8,0,0,66.66
Mohammad Nabi,not out,14,16,23,0,0,87.5
Gulbadin Naib,c Masaba b Kyewuta,4,5,6,0,0,80
Azmatullah Omarzai,c Ramjani b Kyewuta,5,5,9,0,0,100
Rashid Khan (c),not out,2,1,1,0,0,200
Ronak Patel,b Fazalhaq Farooqi,4,2,1,1,0,200
Simon Ssesazi †,c Fazalhaq Farooqi b Mujeeb Ur Rahman,4,4,9,1,0,100
Roger Mukasa,lbw b Fazalhaq Farooqi,0,1,1,0,0,0
Riazat Ali Shah,b Fazalhaq Farooqi,11,34,56,0,0,32.35
Dinesh Nakrani,b Naveen-ul-Haq,6,8,11,1,0,75
Alpesh Ramjani,c Gulbadin Naib b Naveen-ul-Haq,0,2,1,0,0,0
Robinson Obuya,c †Rahmanullah Gurbaz b Fazalhaq Farooqi,14,25,42,0,1,56
Brian Masaba (c),c †Rahmanullah Gurbaz b Fazalhaq Farooqi,0,1,1,0,0,0
Bilal Hassan,lbw b Rashid Khan,8,16,18,1,0,50
Cosmas Kyewuta,not out,2,2,15,0,0,100
Henry Ssenyondo,b Rashid Khan,0,1,1,0,0,0
Pathum Nissanka,c Klaasen b Baartman,3,8,15,0,0,37.5
Kusal Mendis †,c Stubbs b Nortje,19,30,46,1,0,63.33
Kamindu Mendis,c Hendricks b Nortje,11,15,19,1,0,73.33
Wanindu Hasaranga (c),st †de Kock b Maharaj,0,2,2,0,0,0
Sadeera Samarawickrama,b Maharaj,0,1,1,0,0,0
Charith Asalanka,c Hendricks b Nortje,6,9,11,0,0,66.66
Angelo Mathews,c Baartman b Nortje,16,16,24,0,2,100
Dasun Shanaka,b Rabada,9,10,13,0,1,90
Maheesh Theekshana,not out,7,16,20,1,0,43.75
Matheesha Pathirana,c Markram b Rabada,0,4,8,0,0,0
Nuwan Thushara,run out (Nortje/Jansen),0,4,7,0,0,0
Quinton de Kock †,c & b Hasaranga,20,27,54,0,1,74.07
Reeza Hendricks,c PHKD Mendis b Thushara,4,2,8,1,0,200
Aiden Markram (c),c PHKD Mendis b Shanaka,12,14,14,0,1,85.71
Tristan Stubbs,c Asalanka b Hasaranga,13,28,39,0,0,46.42
Heinrich Klaasen,not out,19,22,22,1,1,86.36
David Miller,not out,6,6,13,1,0,100
Kashyap Prajapati,lbw b Trumpelmann,0,1,1,0,0,0
Naseem Khushi †,c Erasmus b Trumpelmann,6,6,16,1,0,100
Aqib Ilyas (c),lbw b Trumpelmann,0,1,2,0,0,0
Zeeshan Maqsood,lbw b Scholtz,22,20,29,4,0,110
Khalid Kail,c & b Wiese,34,39,56,1,1,87.17
Ayaan Khan,c Frylinck b Erasmus,15,21,16,0,1,71.42
Mohammad Nadeem,lbw b Erasmus,6,10,10,0,0,60
Mehran Khan,lbw b Wiese,7,8,12,1,0,87.5
Shakeel Ahmed,c Trumpelmann b Wiese,11,9,13,2,0,122.22
Kaleemullah,lbw b Trumpelmann,2,3,4,0,0,66.66
Bilal Khan,not out,1,1,5,0,0,100
Michael van Lingen,b Bilal Khan,0,2,1,0,0,0
Nikolaas Davin,c Mohammad Nadeem b Aqib Ilyas,24,31,35,2,1,77.41
Jan Frylinck,b Mehran Khan,45,48,77,6,0,93.75
Gerhard Erasmus (c),c Zeeshan Maqsood b Ayaan Khan,13,16,19,1,0,81.25
JJ Smit,c Ayaan Khan b Mehran Khan,8,12,13,1,0,66.66
David Wiese,not out,9,8,15,0,1,112.5
Zane Green †,lbw b Mehran Khan,0,2,2,0,0,0
Malan Kruger,not out,1,1,3,0,0,100
Tony Ura,c †Pooran b Shepherd,2,5,7,0,0,40
Assad Vala (c),c Chase b Joseph,21,22,26,2,1,95.45
Lega Siaka,b Hosein,1,2,2,0,0,50
Sese Bau,b Joseph,50,43,55,6,1,116.27
Hiri Hiri,c Powell b Motie,2,6,10,0,0,33.33
Charles Amini,c †Pooran b Russell,12,14,22,0,0,85.71
Kiplin Doriga †,not out,27,18,23,3,0,150
Chad Soper,b Russell,10,9,10,1,0,111.11
Alei Nao,run out (Joseph),0,0,2,0,0,-
Kabua Morea,not out,2,2,3,0,0,100
Brandon King,c Siaka b Vala,34,29,44,7,0,117.24
Johnson Charles,lbw b Nao,0,1,6,0,0,0
Nicholas Pooran †,c Ura b Kariko,27,27,30,1,2,100
Roston Chase,not out,42,27,39,4,2,155.55
Rovman Powell (c),c †Doriga b Soper,15,14,14,2,0,107.14
Sherfane Rutherford,c †Doriga b Vala,2,7,6,0,0,28.57
Andre Russell,not out,15,9,11,0,1,166.66
Aaron Johnson,c Kumar b Harmeet Singh,23,16,24,5,0,143.75
Navneet Dhaliwal,c Jasdeep Singh b Anderson,61,44,62,6,3,138.63
Pargat Singh,run out (Jasdeep Singh/†Patel),5,7,12,0,0,71.42
Nicholas Kirton,c Anderson b Ali Khan,51,31,43,3,2,164.51
Shreyas Movva †,not out,32,16,29,2,2,200
Dilpreet Bajwa,run out (Taylor/†Patel),11,5,5,1,1,220
Dilon Heyliger,not out,1,1,4,0,0,100
Steven Taylor,lbw b Kaleem Sana,0,2,2,0,0,0
Monank Patel (c)†,c †Movva b Heyliger,16,16,33,2,0,100
Andries Gous,c Johnson b Dutta,65,46,76,7,3,141.3
Aaron Jones,not out,94,40,56,4,10,235
Corey Anderson,not out,3,5,8,0,0,60
